<?xml version="1.0" encoding="UTF-8"?>
<project-private xmlns="http://www.netbeans.org/ns/project-private/1">
    <editor-bookmarks xmlns="http://www.netbeans.org/ns/editor-bookmarks/2" lastBookmarkId="0"/>
    <open-files xmlns="http://www.netbeans.org/ns/projectui-open-files/2">
        <group>
            <file>file:/Users/josegabrieltomazellisilva/aula-poo/grafos/src/nos/No.java</file>
            <file>file:/Users/josegabrieltomazellisilva/aula-poo/grafos/src/buscas/Busca.java</file>
            <file>file:/Users/josegabrieltomazellisilva/aula-poo/grafos/src/buscas/BuscaEmProfundidade.java</file>
            <file>file:/Users/josegabrieltomazellisilva/aula-poo/grafos/src/grafos/Grafos.java</file>
            <file>file:/Users/josegabrieltomazellisilva/aula-poo/grafos/src/buscas/BuscaEmLargura.java</file>
        </group>
    </open-files>
</project-private>
